annee_deb;annee_fin;b_valide_ltv;b_valide_trv;cmt_ltv;c_insee;latitude;longitude;d_deb;d_fin;l_action;l_cause;l_conseil_1;l_conseil_2;l_conseil_3;l_conseil_concat;l_critic;l_effet_1;l_effet_2;l_effet_3;l_ltv;l_nature;l_type
2011;2011;O;O;;34129;43.56729;3.89647;27/01/2011 08:30;27/01/2011 12:00;Raccordement canalisation résea;;Coupure d'eau;Eau trouble ou colorée;;;Non critique;Coupure d'eau;Eau trouble ou colorée;;azalées,hortensias,camélias,et laurier rose;Arrêt programmé;Réseau et canalisation
2011;2011;O;O;;34129;43.56729;3.89647;25/01/2011 08:30;25/01/2011 12:00;Raccordement canalisation résea;;Coupure d'eau;Eau trouble ou colorée;;;Non critique;Coupure d'eau;Eau trouble ou colorée;;av de l'europe;Arrêt programmé;Réseau et canalisation
2011;2011;O;O;;34129;43.56729;3.89647;26/01/2011 11:00;26/01/2011 17:00;Maintenance des installations;Rupture de canalisation;Coupure d'eau;;;;Peu critique;Coupure d'eau;;;rue wagner;Arrêt programmé;Réseau et canalisation
2011;2011;O;O;;34129;43.56729;3.89647;03/02/2011 09:00;03/02/2011 12:00;Réhabilitation branchement Plom;;Coupure d'eau;Eau trouble ou colorée;;;Non critique;Coupure d'eau;Eau trouble ou colorée;;rue des courlis;Arrêt programmé;Réseau et canalisation
2011;2011;O;O;;34129;43.56729;3.89647;11/02/2011 08:30;11/02/2011 12:00;Réhabilitation branchement Plom;;Coupure d'eau;Eau trouble ou colorée;;;Non critique;Coupure d'eau;Eau trouble ou colorée;;rue des courlis;Arrêt programmé;Réseau et canalisation
2011;2011;O;O;;34129;43.56729;3.89647;08/03/2011 07:00;08/03/2011 17:00;Raccordement canalisation résea;;Coupure d'eau;Baisse pression;Bulles d'air dans canalisations;;Non critique;Coupure d'eau;Baisse pression;Bulles d'air dans canalisations;Centre Ville;Arrêt programmé;Réseau et canalisation
2011;2011;O;O;;34129;43.56729;3.89647;05/04/2011 09:00;05/04/2011 11:00;Maintenance des installations;;Coupure d'eau;Eau trouble ou colorée;;;Non critique;Coupure d'eau;Eau trouble ou colorée;;rue nikaia;Intervention d'urgence;Réseau et canalisation
2011;2011;O;O;;34129;43.56729;3.89647;01/04/2011 14:00;01/04/2011 20:00;Maintenance du réseau;;Coupure d'eau;Eau trouble ou colorée;;;Non critique;Coupure d'eau;Eau trouble ou colorée;;rue nikaia;Intervention d'urgence;Réseau et canalisation
2011;2011;O;O;;34129;43.56729;3.89647;30/05/2011 09:00;30/05/2011 12:00;Réparation canalisation réseau;;Coupure d'eau;Eau trouble ou colorée;;;Non critique;Coupure d'eau;Eau trouble ou colorée;;imp agau;Intervention d'urgence;Réseau et canalisation
2011;2011;O;O;;34129;43.56729;3.89647;09/06/2011 09:00;09/06/2011 12:00;Raccordement canalisation résea;Incident sur le réseau;Coupure d'eau;;;;Non critique;Coupure d'eau;;;CHEMIN ST HUBERT;Arrêt programmé;Réseau et canalisation
2011;2011;O;O;;34129;43.56729;3.89647;09/06/2011 09:00;09/06/2011 12:00;Raccordement canalisation résea;Incident sur le réseau;Coupure d'eau;;;;Non critique;Coupure d'eau;;;CHEMIN DE LA STATION;Arrêt programmé;Réseau et canalisation
2011;2011;O;O;;34129;43.56729;3.89647;09/06/2011 09:00;09/06/2011 12:00;Raccordement canalisation résea;Incident sur le réseau;Coupure d'eau;;;;Non critique;Coupure d'eau;;;CHEMIN DE LA 2EME ECLUSE;Arrêt programmé;Réseau et canalisation
2011;2011;O;O;;34129;43.56729;3.89647;20/06/2011 14:00;20/06/2011 17:30;Raccordement canalisation résea;;Coupure d'eau;Eau trouble ou colorée;;;Non critique;Coupure d'eau;Eau trouble ou colorée;;AV MASSILIA;Arrêt programmé;Réseau et canalisation
2011;2011;O;O;;34129;43.56729;3.89647;20/06/2011 14:00;20/06/2011 17:30;Raccordement canalisation résea;;Coupure d'eau;Eau trouble ou colorée;;;Non critique;Coupure d'eau;Eau trouble ou colorée;;EMPORION NEOPOLIS;Arrêt programmé;Réseau et canalisation
2011;2011;O;O;;34129;43.56729;3.89647;20/06/2011 14:00;20/06/2011 17:30;Raccordement canalisation résea;;Coupure d'eau;Eau trouble ou colorée;;;Non critique;Coupure d'eau;Eau trouble ou colorée;;AGATHA ANTIPOLIS ;Arrêt programmé;Réseau et canalisation
2011;2011;O;O;;34129;43.56729;3.89647;20/06/2011 14:00;20/06/2011 17:30;Raccordement canalisation résea;;Coupure d'eau;Eau trouble ou colorée;;;Non critique;Coupure d'eau;Eau trouble ou colorée;;PIREE CARTAGO;Arrêt programmé;Réseau et canalisation
2011;2011;O;O;;34129;43.56729;3.89647;20/06/2011 14:00;20/06/2011 17:30;Raccordement canalisation résea;;Coupure d'eau;Eau trouble ou colorée;;;Non critique;Coupure d'eau;Eau trouble ou colorée;;DELOS;Arrêt programmé;Réseau et canalisation
2011;2011;O;O;;34129;43.56729;3.89647;20/06/2011 14:00;20/06/2011 17:30;Raccordement canalisation résea;;Coupure d'eau;Eau trouble ou colorée;;;Non critique;Coupure d'eau;Eau trouble ou colorée;;av de montpellier;Arrêt programmé;Réseau et canalisation
2011;2011;O;O;;34129;43.56729;3.89647;06/06/2011 12:00;06/06/2011 16:00;Réparation canalisation réseau;;Coupure d'eau;;;;Non critique;Coupure d'eau;;;IMPASSE LALO;Intervention d'urgence;Réseau et canalisation
2011;2011;O;O;;34129;43.56729;3.89647;06/06/2011 11:00;06/06/2011 14:00;;Rupture de canalisation;Coupure d'eau;Baisse pression;;;Non critique;Coupure d'eau;Baisse pression;;IMPASSE LALO;Intervention d'urgence;Réseau et canalisation
2011;2011;O;O;;34129;43.56729;3.89647;27/06/2011 10:00;27/06/2011 17:00;Réparation canalisation réseau;Rupture de canalisation;Coupure d'eau;;;;Non critique;Coupure d'eau;;;alentour;Intervention d'urgence;Réseau et canalisation
2011;2011;O;O;;34129;43.56729;3.89647;27/06/2011 10:00;27/06/2011 17:00;Réparation canalisation réseau;Rupture de canalisation;Coupure d'eau;;;;Non critique;Coupure d'eau;;;reganeous;Intervention d'urgence;Réseau et canalisation
2011;2011;O;O;;34129;43.56729;3.89647;27/06/2011 10:00;27/06/2011 17:00;Réparation canalisation réseau;Rupture de canalisation;Coupure d'eau;;;;Non critique;Coupure d'eau;;;domaine saporta;Intervention d'urgence;Réseau et canalisation
2011;2011;O;O;;34129;43.56729;3.89647;22/06/2011 09:00;22/06/2011 12:00;Renouvellement compteurs ;Incident sur le réseau;Coupure d'eau;;;;Non critique;Coupure d'eau;;;RUE DES CHEVALIERS DE MALTE;Arrêt programmé;Compteur
2011;2011;O;O;;34129;43.56729;3.89647;22/06/2011 09:00;22/06/2011 12:00;Renouvellement compteurs ;Incident sur le réseau;Coupure d'eau;;;;Non critique;Coupure d'eau;;;IMMEUBLE PORTA MARINA 1;Arrêt programmé;Compteur
2011;2011;O;O;;34129;43.56729;3.89647;08/07/2011 09:00;08/07/2011 14:00;Réparation canalisation réseau;Rupture de canalisation;Coupure d'eau;;;;Non critique;Coupure d'eau;;;RUE DES TAMARIS;Arrêt programmé;Réseau et canalisation
2011;2011;O;O;;34129;43.56729;3.89647;18/07/2011 14:00;18/07/2011 17:00;Réparation canalisation réseau;Rupture de canalisation;Coupure d'eau;;;;Non critique;Coupure d'eau;;;LA JASSE DE MAURIN;Arrêt programmé;Réseau et canalisation
2011;2011;O;O;;34129;43.56729;3.89647;16/09/2011 09:00;16/09/2011 12:00;Réparation canalisation réseau;;Coupure d'eau;Bulles d'air dans canalisations;; Nous vous invitons à maintenir vos robinets fermés. A la fin des travaux, ouvrez vos robinets doucement. ;Non critique;Coupure d'eau;Bulles d'air dans canalisations;;rue du puech radier;Arrêt programmé;Autre
2011;2011;O;O;Arrêt d'eau élargi pour causes techniques;34129;43.56729;3.89647;07/10/2011 15:30;07/10/2011 17:30;Réparation canalisation réseau;Rupture de canalisation;Coupure d'eau;Ecoulement d'eau sur la rue;Baisse pression; Nous vous invitons à maintenir vos robinets fermés. Soyez vigilant lors de vos déplacements, respectez les consignes de sécurité. L'ouverture au maximum des robinets n'augmentera pas le débit de l'eau.;Non critique;Coupure d'eau;Ecoulement d'eau sur la rue;Baisse pression;Avenue de Montpellier - et environs;Intervention d'urgence;Autre
2011;2011;O;O;;34129;43.56729;3.89647;28/11/2011 09:00;28/11/2011 11:00;Maintenance des installations;Incident sur le réseau;Coupure d'eau;;; Nous vous invitons à maintenir vos robinets fermés.;Peu critique;Coupure d'eau;;;CENTRE COMMERCIAL CARREFOUR;Arrêt programmé;Autre
2011;2011;O;O;;34129;43.56729;3.89647;28/11/2011 09:00;28/11/2011 11:00;Maintenance des installations;Incident sur le réseau;Coupure d'eau;;; Nous vous invitons à maintenir vos robinets fermés.;Peu critique;Coupure d'eau;;;AVENUE DES MURAILLETTES;Arrêt programmé;Autre
2011;2011;O;O;;34129;43.56729;3.89647;28/11/2011 09:00;28/11/2011 11:00;Maintenance des installations;Incident sur le réseau;Coupure d'eau;;; Nous vous invitons à maintenir vos robinets fermés.;Peu critique;Coupure d'eau;;;BOIRARGUES;Arrêt programmé;Autre
2011;2011;O;O;;34129;43.56729;3.89647;28/11/2011 09:00;28/11/2011 11:00;Maintenance des installations;Incident sur le réseau;Coupure d'eau;;; Nous vous invitons à maintenir vos robinets fermés.;Peu critique;Coupure d'eau;;;AVENUE DES PLATANES;Arrêt programmé;Autre
2011;2011;O;O;;34129;43.56729;3.89647;22/12/2011 10:00;22/12/2011 12:00;;;Coupure d'eau;Bulles d'air dans canalisations;; Nous vous invitons à maintenir vos robinets fermés. A la fin des travaux, ouvrez vos robinets doucement. ;Non critique;Coupure d'eau;Bulles d'air dans canalisations;;av de soriech;Intervention d'urgence;Autre
2011;2011;O;O;av montpellieret/ paysagére, clos des entreprises, rondelet, de lantissargue, avenue de maguelone, du saussouires, chemin des jardins de magulones de saussouires robinet ;34129;43.56729;3.89647;08/12/2011 08:30;08/12/2011 16:00;Maintenance du réseau;;Coupure intermittente de l'eau;Coupure d'eau;Baisse pression; Nous vous invitons à maintenir vos robinets fermés. Nous vous invitons à maintenir vos robinets fermés. L'ouverture au maximum des robinets n'augmentera pas le débit de l'eau.;Non critique;Coupure intermittente de l'eau;Coupure d'eau;Baisse pression;RUES ;Arrêt programmé;Réseau et canalisation
2011;2011;O;O;;34129;43.56729;3.89647;19/12/2011 14:00;19/12/2011 16:00;;Rupture de canalisation;Coupure d'eau;;; Nous vous invitons à maintenir vos robinets fermés.;Non critique;Coupure d'eau;;;avenue de la Lironde;Intervention d'urgence;Autre
2011;2011;O;O;;34129;43.56729;3.89647;19/12/2011 14:00;19/12/2011 16:00;;Rupture de canalisation;Coupure d'eau;;; Nous vous invitons à maintenir vos robinets fermés.;Non critique;Coupure d'eau;;;avenue darius Milhaud;Intervention d'urgence;Autre
2011;2011;O;O;;34129;43.56729;3.89647;01/12/2011 08:00;01/12/2011 12:00;Maintenance des installations;;Coupure d'eau;Bulles d'air dans canalisations;; Nous vous invitons à maintenir vos robinets fermés. A la fin des travaux, ouvrez vos robinets doucement. ;Non critique;Coupure d'eau;Bulles d'air dans canalisations;;rue narbo;Arrêt programmé;Autre
2012;2012;O;O;;34129;43.56729;3.89647;19/01/2012 09:00;19/01/2012 12:00;Remplacement poteaux incendie;;Coupure d'eau;Bulles d'air dans canalisations;; Nous vous invitons à maintenir vos robinets fermés. A la fin des travaux, ouvrez vos robinets doucement. ;Non critique;Coupure d'eau;Bulles d'air dans canalisations;;rue de la fontvin;Arrêt programmé;Autre
2012;2012;O;O;;34129;43.56729;3.89647;11/01/2012 09:00;11/01/2012 12:00;Réparation canalisation réseau;;Coupure d'eau;Bulles d'air dans canalisations;; Nous vous invitons à maintenir vos robinets fermés. A la fin des travaux, ouvrez vos robinets doucement. ;Non critique;Coupure d'eau;Bulles d'air dans canalisations;;rue st baudille;Intervention d'urgence;Autre
2012;2012;O;O;;34198;43.56211;3.95826;19/01/2012 09:00;19/01/2012 12:00;Réparation canalisation réseau;;Coupure d'eau;Bulles d'air dans canalisations;; Nous vous invitons à maintenir vos robinets fermés. A la fin des travaux, ouvrez vos robinets doucement. ;Non critique;Coupure d'eau;Bulles d'air dans canalisations;;rue des salins;Arrêt programmé;Autre
2012;2012;O;O;;34198;43.56504;3.95534;30/01/2012 17:12;30/01/2012 19:00;;Rupture de canalisation;Coupure d'eau;;; Nous vous invitons à maintenir vos robinets fermés.;Non critique;Coupure d'eau;;;RUE BARNOYER;Arrêt programmé;Autre
2012;2012;O;O;;34198;43.5646;3.95214;30/01/2012 17:12;30/01/2012 19:00;;Rupture de canalisation;Coupure d'eau;;; Nous vous invitons à maintenir vos robinets fermés.;Non critique;Coupure d'eau;;;RUES ALENTOURS EGLISE CENTRE VILLAGE;Arrêt programmé;Autre
2012;2012;O;O;;34129;43.56729;3.89647;17/01/2012 11:00;17/01/2012 14:00;Raccordement canalisation résea;;Coupure intermittente de l'eau;;; Nous vous invitons à maintenir vos robinets fermés.;Non critique;Coupure intermittente de l'eau;;;/;Arrêt programmé;Branchement
2012;2012;O;O;;34198;43.56211;3.95826;17/01/2012 10:00;17/01/2012 12:00;Réparation canalisation réseau;;Coupure d'eau;Bulles d'air dans canalisations;; Nous vous invitons à maintenir vos robinets fermés. A la fin des travaux, ouvrez vos robinets doucement. ;Non critique;Coupure d'eau;Bulles d'air dans canalisations;;RUE DES SALINS;Intervention d'urgence;Autre
2012;2012;O;O;;34198;43.56646;3.95511;30/01/2012 17:12;30/01/2012 19:00;;Rupture de canalisation;Coupure d'eau;;; Nous vous invitons à maintenir vos robinets fermés.;Non critique;Coupure d'eau;;;RUE DE L ETANG;Arrêt programmé;Autre
2012;2012;O;O;;34129;43.56729;3.89647;12/01/2012 09:00;12/01/2012 12:00;Réparation canalisation réseau;;Coupure d'eau;Bulles d'air dans canalisations;; Nous vous invitons à maintenir vos robinets fermés. A la fin des travaux, ouvrez vos robinets doucement. ;Non critique;Coupure d'eau;Bulles d'air dans canalisations;;rue st baudille;Intervention d'urgence;Autre
2012;2012;O;O;;34198;43.56739;3.95177;24/02/2012 09:30;24/02/2012 12:00;Maintenance des installations;;Coupure d'eau;Bulles d'air dans canalisations;; Nous vous invitons à maintenir vos robinets fermés. A la fin des travaux, ouvrez vos robinets doucement. ;Non critique;Coupure d'eau;Bulles d'air dans canalisations;;rue du pradas;Intervention d'urgence;Autre
2012;2012;O;O;;34129;43.56729;3.89647;29/02/2012 09:00;29/02/2012 16:00;Maintenance des installations;;Coupure d'eau;;; Nous vous invitons à maintenir vos robinets fermés.;Non critique;Coupure d'eau;;;RUE RICHARD WAGNER;Arrêt programmé;Branchement
2012;2012;O;O;;34129;43.56729;3.89647;29/02/2012 09:00;29/02/2012 16:00;Maintenance des installations;;Coupure d'eau;;; Nous vous invitons à maintenir vos robinets fermés.;Non critique;Coupure d'eau;;;RUE GEORGES BIZET;Arrêt programmé;Branchement
2012;2012;O;O;;34198;43.56275;3.95462;22/03/2012 14:00;22/03/2012 17:00;Réparation canalisation réseau;;Coupure d'eau;Bulles d'air dans canalisations;; Nous vous invitons à maintenir vos robinets fermés. A la fin des travaux, ouvrez vos robinets doucement. ;Non critique;Coupure d'eau;Bulles d'air dans canalisations;;rue de thiers;Intervention d'urgence;Autre
2012;2012;O;O;;34198;43.5646;3.95214;28/03/2012 09:00;28/03/2012 12:00;;;Coupure d'eau;Bulles d'air dans canalisations;; Nous vous invitons à maintenir vos robinets fermés. A la fin des travaux, ouvrez vos robinets doucement. ;Non critique;Coupure d'eau;Bulles d'air dans canalisations;;rue  thier,grand rue,et rues autour;Arrêt programmé;Autre
2012;2012;O;O;;34129;43.56729;3.89647;13/03/2012 15:40;13/03/2012 19:00;;Incident sur le réseau;Coupure intermittente de l'eau;;; Nous vous invitons à maintenir vos robinets fermés.;Peu critique;Coupure intermittente de l'eau;;;za puech radier;Intervention d'urgence;Autre
2012;2012;O;O;;34129;43.56729;3.89647;20/03/2012 14:00;20/03/2012 17:00;Réparation canalisation réseau;;Coupure d'eau;Bulles d'air dans canalisations;; Nous vous invitons à maintenir vos robinets fermés. A la fin des travaux, ouvrez vos robinets doucement. ;Non critique;Coupure d'eau;Bulles d'air dans canalisations;;allee de st pierre;Intervention d'urgence;Autre
2012;2012;O;O;;34129;43.56729;3.89647;31/05/2012 08:30;31/05/2012 12:00;Réhabilitation branchement Plom;;Coupure d'eau;Bulles d'air dans canalisations;; Nous vous invitons à maintenir vos robinets fermés. A la fin des travaux, ouvrez vos robinets doucement. ;Non critique;Coupure d'eau;Bulles d'air dans canalisations;;rue mozart et maurice ravel;Arrêt programmé;Autre
2012;2012;O;O;;34129;43.56729;3.89647;31/05/2012 14:00;31/05/2012 17:00;Réparation canalisation réseau;;Coupure d'eau;Bulles d'air dans canalisations;; Nous vous invitons à maintenir vos robinets fermés. A la fin des travaux, ouvrez vos robinets doucement. ;Non critique;Coupure d'eau;Bulles d'air dans canalisations;;rue des camelias;Intervention d'urgence;Autre
2012;2012;O;O;;34129;43.56729;3.89647;10/05/2012 08:30;10/05/2012 12:00;;;Coupure d'eau;Bulles d'air dans canalisations;; Nous vous invitons à maintenir vos robinets fermés. A la fin des travaux, ouvrez vos robinets doucement. ;Non critique;Coupure d'eau;Bulles d'air dans canalisations;;plan darius;Intervention d'urgence;Autre
2012;2012;O;O;;34198;43.5646;3.95214;24/05/2012 08:30;24/05/2012 14:00;Maintenance des installations;;Coupure d'eau;Eau trouble ou colorée;; Nous vous invitons à maintenir vos robinets fermés. Avant toute consommation ou lancement du lave-linge ou du lave-vaisselle, laissez l'eau couler quelques minutes.;Non critique;Coupure d'eau;Eau trouble ou colorée;;quartier droit etang de perols et quartier gauche etang de l'or;Arrêt programmé;Autre
2012;2012;O;O;;34129;43.56729;3.89647;25/05/2012 09:00;25/05/2012 12:00;Réhabilitation branchement Plom;;;Bulles d'air dans canalisations;; A la fin des travaux, ouvrez vos robinets doucement. ;Non critique;;Bulles d'air dans canalisations;;rue charles gounod;Arrêt programmé;Autre
2012;2012;O;O;;34129;43.56729;3.89647;02/05/2012 08:30;02/05/2012 12:00;Réhabilitation branchement Plom;;Coupure d'eau;Bulles d'air dans canalisations;; Nous vous invitons à maintenir vos robinets fermés. A la fin des travaux, ouvrez vos robinets doucement. ;Non critique;Coupure d'eau;Bulles d'air dans canalisations;;r maurice ravel,charles gounod,gabriel;Arrêt programmé;Autre
2012;2012;O;O;Travaux de pose d'un débitmètre de sectorisation;34198;43.56111;3.94397;31/05/2012 08:30;31/05/2012 14:00;Renouvellement du réseau ;;Coupure d'eau;Baisse pression;Ecoulement d'eau sur la rue; Nous vous invitons à maintenir vos robinets fermés. L'ouverture au maximum des robinets n'augmentera pas le débit de l'eau. Soyez vigilant lors de vos déplacements, respectez les consignes de sécurité.;Non critique;Coupure d'eau;Baisse pression;Ecoulement d'eau sur la rue;ROUTE DE LATTES;Arrêt programmé;Autre
2012;2012;O;O;;34198;43.5696;3.94028;04/06/2012 08:30;04/06/2012 12:00;Réhabilitation branchement Plom;;Coupure d'eau;Bulles d'air dans canalisations;; Nous vous invitons à maintenir vos robinets fermés. A la fin des travaux, ouvrez vos robinets doucement. ;Non critique;Coupure d'eau;Bulles d'air dans canalisations;;rue des sirenes;Arrêt programmé;Autre
2012;2012;O;O;;34129;43.56729;3.89647;28/06/2012 09:00;28/06/2012 12:00;Maintenance du réseau;;Coupure d'eau;Bulles d'air dans canalisations;; Nous vous invitons à maintenir vos robinets fermés. A la fin des travaux, ouvrez vos robinets doucement. ;Non critique;Coupure d'eau;Bulles d'air dans canalisations;;maurice ravel,plan couperin,gabriel faure ,jean batiste,charles ;Intervention d'urgence;Autre
2012;2012;O;O;;34129;43.56729;3.89647;28/06/2012 08:30;28/06/2012 12:00;;;Coupure d'eau;Bulles d'air dans canalisations;; Nous vous invitons à maintenir vos robinets fermés. A la fin des travaux, ouvrez vos robinets doucement. ;Non critique;Coupure d'eau;Bulles d'air dans canalisations;;rue berlioze;Arrêt programmé;Autre
2012;2012;O;O;;34129;43.56729;3.89647;01/06/2012 08:30;01/06/2012 12:00;;;Coupure d'eau;Perturbation de la circulation;; Nous vous invitons à maintenir vos robinets fermés. Soyez vigilant lors de vos déplacements, respectez les consignes de sécurité.;Non critique;Coupure d'eau;Perturbation de la circulation;;route de lattes;Intervention d'urgence;Autre
2012;2012;O;O;;34129;43.56729;3.89647;12/06/2012 08:30;12/06/2012 12:00;;;Coupure d'eau;Bulles d'air dans canalisations;; Nous vous invitons à maintenir vos robinets fermés. A la fin des travaux, ouvrez vos robinets doucement. ;Non critique;Coupure d'eau;Bulles d'air dans canalisations;;rue maurice ravel;Arrêt programmé;Autre
2012;2012;O;O;;34129;43.56729;3.89647;12/06/2012 08:30;12/06/2012 12:00;Réhabilitation branchement Plom;;Coupure d'eau;Bulles d'air dans canalisations;; Nous vous invitons à maintenir vos robinets fermés. A la fin des travaux, ouvrez vos robinets doucement. ;Non critique;Coupure d'eau;Bulles d'air dans canalisations;;rue marcel pagnol;Arrêt programmé;Autre
2012;2012;O;O;;34129;43.56729;3.89647;14/06/2012 08:30;14/06/2012 12:00;;;Coupure d'eau;Bulles d'air dans canalisations;; Nous vous invitons à maintenir vos robinets fermés. A la fin des travaux, ouvrez vos robinets doucement. ;Non critique;Coupure d'eau;Bulles d'air dans canalisations;;rue pittospore  (maurin );Intervention d'urgence;Autre
2012;2012;O;O;;34198;43.5646;3.95214;13/06/2012 23:00;14/06/2012 03:00;Maintenance du réseau;;Coupure d'eau;Bulles d'air dans canalisations;Baisse pression; Nous vous invitons à maintenir vos robinets fermés. A la fin des travaux, ouvrez vos robinets doucement.  L'ouverture au maximum des robinets n'augmentera pas le débit de l'eau.;Non critique;Coupure d'eau;Bulles d'air dans canalisations;Baisse pression;Centre commercial Auchan;Arrêt programmé;Autre
2012;2012;O;O;;34198;43.5646;3.95214;13/06/2012 23:00;14/06/2012 03:00;Maintenance du réseau;;Coupure d'eau;Bulles d'air dans canalisations;Baisse pression; Nous vous invitons à maintenir vos robinets fermés. A la fin des travaux, ouvrez vos robinets doucement.  L'ouverture au maximum des robinets n'augmentera pas le débit de l'eau.;Non critique;Coupure d'eau;Bulles d'air dans canalisations;Baisse pression;rue galine,bir-hakeim,impasse des galfières;Arrêt programmé;Autre
2012;2012;O;O;;34129;43.56729;3.89647;08/06/2012 08:30;08/06/2012 12:00;Réhabilitation branchement Plom;;Coupure d'eau;Bulles d'air dans canalisations;; Nous vous invitons à maintenir vos robinets fermés. A la fin des travaux, ouvrez vos robinets doucement. ;Non critique;Coupure d'eau;Bulles d'air dans canalisations;;rue thier et auguste gilbert;Arrêt programmé;Autre
2012;2012;O;O;;34129;43.56729;3.89647;08/06/2012 08:30;08/06/2012 12:00;Réhabilitation branchement Plom;;Coupure d'eau;Bulles d'air dans canalisations;; Nous vous invitons à maintenir vos robinets fermés. A la fin des travaux, ouvrez vos robinets doucement. ;Non critique;Coupure d'eau;Bulles d'air dans canalisations;;rue maurice ravel;Arrêt programmé;Autre
2012;2012;O;O;;34129;43.56729;3.89647;07/06/2012 11:30;07/06/2012 14:00;;Rupture de canalisation;Coupure d'eau;;; Nous vous invitons à maintenir vos robinets fermés.;Non critique;Coupure d'eau;;;Rue Léonard de Vinci résidence Le Danieli;Intervention d'urgence;Autre
2012;2012;O;O;;34129;43.56729;3.89647;26/06/2012 08:30;26/06/2012 12:00;Réhabilitation branchement Plom;;Coupure d'eau;Bulles d'air dans canalisations;; Nous vous invitons à maintenir vos robinets fermés. A la fin des travaux, ouvrez vos robinets doucement. ;Non critique;Coupure d'eau;Bulles d'air dans canalisations;;marestelles;Arrêt programmé;Autre
2012;2012;O;O;;34129;43.56729;3.89647;27/06/2012 13:30;27/06/2012 17:00;;;Baisse pression;Coupure d'eau;Ecoulement d'eau sur la rue; L'ouverture au maximum des robinets n'augmentera pas le débit de l'eau. Nous vous invitons à maintenir vos robinets fermés. Soyez vigilant lors de vos déplacements, respectez les consignes de sécurité.;Non critique;Baisse pression;Coupure d'eau;Ecoulement d'eau sur la rue;AVENUE DU MONTPELLIERET;Arrêt programmé;Autre
2012;2012;O;O;;34129;43.56729;3.89647;25/06/2012 10:50;25/06/2012 18:00;Maintenance du réseau;Incident sur le réseau;Coupure d'eau;;; Nous vous invitons à maintenir vos robinets fermés.;Non critique;Coupure d'eau;;;RUES ADJACENTES;Intervention d'urgence;Branchement
2012;2012;O;O;;34129;43.56729;3.89647;25/06/2012 10:50;25/06/2012 18:00;Maintenance du réseau;Incident sur le réseau;Coupure d'eau;;; Nous vous invitons à maintenir vos robinets fermés.;Non critique;Coupure d'eau;;;PARC ACTIVIA ;Intervention d'urgence;Branchement
2012;2012;O;O;;34129;43.56729;3.89647;25/06/2012 10:50;25/06/2012 18:00;Maintenance du réseau;Incident sur le réseau;Coupure d'eau;;; Nous vous invitons à maintenir vos robinets fermés.;Non critique;Coupure d'eau;;;RUE RONDELET  ;Intervention d'urgence;Branchement
2012;2012;O;O;;34129;43.56729;3.89647;25/06/2012 08:30;25/06/2012 12:00;Raccordement canalisation résea;;Coupure d'eau;Bulles d'air dans canalisations;; Nous vous invitons à maintenir vos robinets fermés. A la fin des travaux, ouvrez vos robinets doucement. ;Non critique;Coupure d'eau;Bulles d'air dans canalisations;;rue de la piscine et pierre cause;Arrêt programmé;Autre
2012;2012;O;O;;34129;43.56729;3.89647;25/06/2012 08:30;25/06/2012 12:00;Remplacement vanne réseau;;Coupure d'eau;Bulles d'air dans canalisations;; Nous vous invitons à maintenir vos robinets fermés. A la fin des travaux, ouvrez vos robinets doucement. ;Non critique;Coupure d'eau;Bulles d'air dans canalisations;;av de montpellier et quartier autour;Arrêt programmé;Autre
2012;2012;O;O;Toute la commune;34198;43.5646;3.95214;20/06/2012 23:00;21/06/2012 04:00;Maintenance du réseau;;Coupure intermittente de l'eau;Bulles d'air dans canalisations;Eau trouble ou colorée; Nous vous invitons à maintenir vos robinets fermés. A la fin des travaux, ouvrez vos robinets doucement.  Avant toute consommation ou lancement du lave-linge ou du lave-vaisselle, laissez l'eau couler quelques minutes.;Non critique;Coupure intermittente de l'eau;Bulles d'air dans canalisations;Eau trouble ou colorée;toute la commune;Arrêt programmé;Autre
2012;2012;O;O;;34198;43.56205;3.9456;14/06/2012 13:30;14/06/2012 17:00;Maintenance du réseau;Incident sur le réseau;Coupure d'eau;Baisse pression;Ecoulement d'eau sur la rue; Nous vous invitons à maintenir vos robinets fermés. L'ouverture au maximum des robinets n'augmentera pas le débit de l'eau. Soyez vigilant lors de vos déplacements, respectez les consignes de sécurité.;Non critique;Coupure d'eau;Baisse pression;Ecoulement d'eau sur la rue;rue des Anguilles;Intervention d'urgence;Autre
2012;2012;O;O;;34129;43.56729;3.89647;27/06/2012 13:30;27/06/2012 17:00;;;Baisse pression;Coupure d'eau;Ecoulement d'eau sur la rue; L'ouverture au maximum des robinets n'augmentera pas le débit de l'eau. Nous vous invitons à maintenir vos robinets fermés. Soyez vigilant lors de vos déplacements, respectez les consignes de sécurité.;Non critique;Baisse pression;Coupure d'eau;Ecoulement d'eau sur la rue;PArc Activa;Arrêt programmé;Autre
2012;2012;O;O;;34129;43.56729;3.89647;27/06/2012 13:30;27/06/2012 17:00;;;Baisse pression;Coupure d'eau;Ecoulement d'eau sur la rue; L'ouverture au maximum des robinets n'augmentera pas le débit de l'eau. Nous vous invitons à maintenir vos robinets fermés. Soyez vigilant lors de vos déplacements, respectez les consignes de sécurité.;Non critique;Baisse pression;Coupure d'eau;Ecoulement d'eau sur la rue;RUE DU LANTISSARGUES;Arrêt programmé;Autre
2012;2012;O;O;;34129;43.56729;3.89647;26/07/2012 08:30;26/07/2012 12:00;Réhabilitation branchement Plom;;Coupure d'eau;Bulles d'air dans canalisations;; Nous vous invitons à maintenir vos robinets fermés. A la fin des travaux, ouvrez vos robinets doucement. ;Non critique;Coupure d'eau;Bulles d'air dans canalisations;;rue des roses;Arrêt programmé;Autre
2012;2012;O;O;;34129;43.56729;3.89647;09/07/2012 08:30;09/07/2012 12:00;Raccordement canalisation résea;;Coupure d'eau;Bulles d'air dans canalisations;; Nous vous invitons à maintenir vos robinets fermés. A la fin des travaux, ouvrez vos robinets doucement. ;Non critique;Coupure d'eau;Bulles d'air dans canalisations;;plan mozart et debussy;Arrêt programmé;Autre
2012;2012;O;O;;34129;43.56729;3.89647;17/07/2012 08:30;17/07/2012 12:00;Maintenance du réseau;;Coupure d'eau;Bulles d'air dans canalisations;; Nous vous invitons à maintenir vos robinets fermés. A la fin des travaux, ouvrez vos robinets doucement. ;Non critique;Coupure d'eau;Bulles d'air dans canalisations;;av de boirargue;Arrêt programmé;Autre
2012;2012;O;O;;34129;43.56729;3.89647;02/07/2012 08:30;02/07/2012 12:00;Réhabilitation branchement Plom;;Coupure d'eau;Bulles d'air dans canalisations;; Nous vous invitons à maintenir vos robinets fermés. A la fin des travaux, ouvrez vos robinets doucement. ;Non critique;Coupure d'eau;Bulles d'air dans canalisations;;rue des genets;Arrêt programmé;Autre
2012;2012;O;O;;34129;43.56729;3.89647;11/07/2012 14:00;11/07/2012 16:00;Réhabilitation branchement Plom;;Coupure d'eau;Bulles d'air dans canalisations;; Nous vous invitons à maintenir vos robinets fermés. A la fin des travaux, ouvrez vos robinets doucement. ;Non critique;Coupure d'eau;Bulles d'air dans canalisations;;lot les marestelles;Intervention d'urgence;Autre
2012;2012;O;O;;34129;43.56729;3.89647;18/07/2012 08:30;18/07/2012 12:00;Réhabilitation branchement Plom;;Coupure d'eau;Bulles d'air dans canalisations;; Nous vous invitons à maintenir vos robinets fermés. A la fin des travaux, ouvrez vos robinets doucement. ;Non critique;Coupure d'eau;Bulles d'air dans canalisations;;LOT LES MARESTELLES;Arrêt programmé;Autre
2012;2012;O;O;;34198;43.5646;3.95214;04/07/2012 08:30;04/07/2012 12:00;Réhabilitation branchement Plom;;Coupure d'eau;Bulles d'air dans canalisations;; Nous vous invitons à maintenir vos robinets fermés. A la fin des travaux, ouvrez vos robinets doucement. ;Non critique;Coupure d'eau;Bulles d'air dans canalisations;;ruevieux chene,chevrefeuille ,roseaux;Arrêt programmé;Autre
2012;2012;O;O;;34198;43.56489;3.94364;05/07/2012 08:30;05/07/2012 12:00;Maintenance du réseau;;Coupure d'eau;Bulles d'air dans canalisations;; Nous vous invitons à maintenir vos robinets fermés. A la fin des travaux, ouvrez vos robinets doucement. ;Non critique;Coupure d'eau;Bulles d'air dans canalisations;;av des moulieres;Arrêt programmé;Autre
2012;2012;O;O;;34198;43.57038;3.94855;05/07/2012 09:00;05/07/2012 10:30;Maintenance des installations;;Coupure d'eau;Bulles d'air dans canalisations;; Nous vous invitons à maintenir vos robinets fermés. A la fin des travaux, ouvrez vos robinets doucement. ;Non critique;Coupure d'eau;Bulles d'air dans canalisations;;rue louis pasteur;Arrêt programmé;Autre
2012;2012;O;O;;34198;43.56755;3.95111;05/07/2012 09:00;05/07/2012 10:30;Maintenance des installations;;Coupure d'eau;Bulles d'air dans canalisations;; Nous vous invitons à maintenir vos robinets fermés. A la fin des travaux, ouvrez vos robinets doucement. ;Non critique;Coupure d'eau;Bulles d'air dans canalisations;;impasse des vignes;Arrêt programmé;Autre
2012;2012;O;O;;34129;43.56729;3.89647;13/07/2012 08:30;13/07/2012 12:00;Réhabilitation branchement Plom;;Coupure d'eau;Bulles d'air dans canalisations;; Nous vous invitons à maintenir vos robinets fermés. A la fin des travaux, ouvrez vos robinets doucement. ;Non critique;Coupure d'eau;Bulles d'air dans canalisations;;lot des marestelles;Arrêt programmé;Autre
2012;2012;O;O;;34198;43.56204;3.95017;13/07/2012 08:30;13/07/2012 12:00;Maintenance du réseau;;Coupure d'eau;Bulles d'air dans canalisations;; Nous vous invitons à maintenir vos robinets fermés. A la fin des travaux, ouvrez vos robinets doucement. ;Non critique;Coupure d'eau;Bulles d'air dans canalisations;;rue saint jean;Arrêt programmé;Autre
2012;2012;O;O;;34198;43.56588;3.95275;05/07/2012 09:00;05/07/2012 10:30;Maintenance des installations;;Coupure d'eau;Bulles d'air dans canalisations;; Nous vous invitons à maintenir vos robinets fermés. A la fin des travaux, ouvrez vos robinets doucement. ;Non critique;Coupure d'eau;Bulles d'air dans canalisations;;rue des flamants roses;Arrêt programmé;Autre
2012;2012;O;O;;34198;43.56766;3.94977;05/07/2012 09:00;05/07/2012 10:30;Maintenance des installations;;Coupure d'eau;Bulles d'air dans canalisations;; Nous vous invitons à maintenir vos robinets fermés. A la fin des travaux, ouvrez vos robinets doucement. ;Non critique;Coupure d'eau;Bulles d'air dans canalisations;;rue valadier;Arrêt programmé;Autre
2012;2012;O;O;;34198;43.56962;3.95125;05/07/2012 09:00;05/07/2012 10:30;Maintenance des installations;;Coupure d'eau;Bulles d'air dans canalisations;; Nous vous invitons à maintenir vos robinets fermés. A la fin des travaux, ouvrez vos robinets doucement. ;Non critique;Coupure d'eau;Bulles d'air dans canalisations;;rue tamarin;Arrêt programmé;Autre
2012;2012;O;O;;34198;43.5646;3.95214;05/07/2012 09:00;05/07/2012 10:30;Maintenance des installations;;Coupure d'eau;Bulles d'air dans canalisations;; Nous vous invitons à maintenir vos robinets fermés. A la fin des travaux, ouvrez vos robinets doucement. ;Non critique;Coupure d'eau;Bulles d'air dans canalisations;;rue pradasse;Arrêt programmé;Autre
2012;2012;O;O;;34129;43.56729;3.89647;24/08/2012 08:30;24/08/2012 12:00;Maintenance des installations;;Coupure d'eau;Bulles d'air dans canalisations;; Nous vous invitons à maintenir vos robinets fermés. A la fin des travaux, ouvrez vos robinets doucement. ;Non critique;Coupure d'eau;Bulles d'air dans canalisations;;av des platanes;Arrêt programmé;Autre
2012;2012;O;O;;34129;43.56729;3.89647;23/08/2012 08:30;23/08/2012 12:00;Réhabilitation branchement Plom;;Coupure d'eau;Bulles d'air dans canalisations;; Nous vous invitons à maintenir vos robinets fermés. A la fin des travaux, ouvrez vos robinets doucement. ;Non critique;Coupure d'eau;Bulles d'air dans canalisations;;ruedes tamaris;Arrêt programmé;Autre
2012;2012;O;O;;34129;43.56729;3.89647;01/08/2012 08:30;01/08/2012 14:00;Réhabilitation branchement Plom;;Baisse pression;Coupure d'eau;Ecoulement d'eau sur la rue; L'ouverture au maximum des robinets n'augmentera pas le débit de l'eau. Nous vous invitons à maintenir vos robinets fermés. Soyez vigilant lors de vos déplacements, respectez les consignes de sécurité.;Non critique;Baisse pression;Coupure d'eau;Ecoulement d'eau sur la rue;RUE DES ROSES;Arrêt programmé;Autre
2012;2012;O;O;;34129;43.56729;3.89647;01/08/2012 08:30;01/08/2012 14:00;Réhabilitation branchement Plom;;Baisse pression;Coupure d'eau;Ecoulement d'eau sur la rue; L'ouverture au maximum des robinets n'augmentera pas le débit de l'eau. Nous vous invitons à maintenir vos robinets fermés. Soyez vigilant lors de vos déplacements, respectez les consignes de sécurité.;Non critique;Baisse pression;Coupure d'eau;Ecoulement d'eau sur la rue;PLAN DES VOLUBILIS;Arrêt programmé;Autre
2012;2012;O;O;;34129;43.56729;3.89647;01/08/2012 08:30;01/08/2012 14:00;Réhabilitation branchement Plom;;Baisse pression;Coupure d'eau;Ecoulement d'eau sur la rue; L'ouverture au maximum des robinets n'augmentera pas le débit de l'eau. Nous vous invitons à maintenir vos robinets fermés. Soyez vigilant lors de vos déplacements, respectez les consignes de sécurité.;Non critique;Baisse pression;Coupure d'eau;Ecoulement d'eau sur la rue;RUE DES MARESTELLES;Arrêt programmé;Autre
2012;2012;O;O;;34129;43.56729;3.89647;21/09/2012 08:30;21/09/2012 12:00;Réparation canalisation réseau;;Coupure d'eau;Bulles d'air dans canalisations;; Nous vous invitons à maintenir vos robinets fermés. A la fin des travaux, ouvrez vos robinets doucement. ;Non critique;Coupure d'eau;Bulles d'air dans canalisations;;rue et impasse bosquet;Arrêt programmé;Autre
2012;2012;O;O;;34129;43.56729;3.89647;13/09/2012 09:00;13/09/2012 12:00;;;Coupure d'eau;Bulles d'air dans canalisations;; Nous vous invitons à maintenir vos robinets fermés. A la fin des travaux, ouvrez vos robinets doucement. ;Non critique;Coupure d'eau;Bulles d'air dans canalisations;;route de boirargue;Arrêt programmé;Autre
2012;2012;O;O;;34129;43.56729;3.89647;25/09/2012 08:30;25/09/2012 12:00;Maintenance des installations;;;Bulles d'air dans canalisations;; A la fin des travaux, ouvrez vos robinets doucement. ;Non critique;;Bulles d'air dans canalisations;;jasse de maurin;Arrêt programmé;Autre
2012;2012;O;O;;34129;43.56729;3.89647;13/09/2012 08:30;13/09/2012 12:00;Réhabilitation branchement Plom;;Coupure d'eau;Bulles d'air dans canalisations;; Nous vous invitons à maintenir vos robinets fermés. A la fin des travaux, ouvrez vos robinets doucement. ;Non critique;Coupure d'eau;Bulles d'air dans canalisations;;rue des lauriers rose;Arrêt programmé;Autre
2012;2012;O;O;;34129;43.56729;3.89647;21/09/2012 08:30;21/09/2012 12:00;Réparation canalisation réseau;;Coupure d'eau;Bulles d'air dans canalisations;; Nous vous invitons à maintenir vos robinets fermés. A la fin des travaux, ouvrez vos robinets doucement. ;Non critique;Coupure d'eau;Bulles d'air dans canalisations;;rue puech radier;Intervention d'urgence;Autre
2012;2012;O;O;;34198;43.55846;3.94918;20/09/2012 10:25;20/09/2012 13:00;;Incident sur le réseau;Coupure d'eau;;; Nous vous invitons à maintenir vos robinets fermés.;Non critique;Coupure d'eau;;;RUE ERIC TABARLY;Intervention d'urgence;Autre
2012;2012;O;N;;34198;43.55846;3.94918;20/09/2012 10:00;20/09/2012 10:20;Réparation canalisation réseau;Rupture de canalisation;Coupure d'eau;;; Nous vous invitons à maintenir vos robinets fermés.;Non critique;Coupure d'eau;;;RUE TABARLY;Intervention d'urgence;Réseau et canalisation
2012;2012;O;O;;34129;43.56729;3.89647;07/09/2012 09:00;07/09/2012 12:00;Raccordement canalisation résea;;Coupure d'eau;Bulles d'air dans canalisations;; Nous vous invitons à maintenir vos robinets fermés. A la fin des travaux, ouvrez vos robinets doucement. ;Non critique;Coupure d'eau;Bulles d'air dans canalisations;;plan des mimosas;Arrêt programmé;Autre
2012;2012;O;O;;34129;43.56729;3.89647;25/10/2012 08:30;25/10/2012 12:00;Réhabilitation branchement Plom;;;Bulles d'air dans canalisations;; A la fin des travaux, ouvrez vos robinets doucement. ;Non critique;;Bulles d'air dans canalisations;;rue des mimosas;Arrêt programmé;Autre
2012;2012;O;O;;34129;43.56729;3.89647;03/10/2012 09:00;03/10/2012 12:00;Raccordement canalisation résea;;Coupure d'eau;Bulles d'air dans canalisations;; Nous vous invitons à maintenir vos robinets fermés. A la fin des travaux, ouvrez vos robinets doucement. ;Non critique;Coupure d'eau;Bulles d'air dans canalisations;;jasse de maurin;Arrêt programmé;Autre
2012;2012;O;O;;34129;43.56729;3.89647;25/10/2012 08:30;25/10/2012 12:00;Raccordement canalisation résea;;Coupure d'eau;Bulles d'air dans canalisations;; Nous vous invitons à maintenir vos robinets fermés. A la fin des travaux, ouvrez vos robinets doucement. ;Non critique;Coupure d'eau;Bulles d'air dans canalisations;;av du grenache;Arrêt programmé;Autre
2012;2012;O;O;;34129;43.56729;3.89647;23/10/2012 08:30;23/10/2012 12:00;Réhabilitation branchement Plom;;Coupure d'eau;Bulles d'air dans canalisations;; Nous vous invitons à maintenir vos robinets fermés. A la fin des travaux, ouvrez vos robinets doucement. ;Non critique;Coupure d'eau;Bulles d'air dans canalisations;;hortencias et azalee;Arrêt programmé;Autre
2012;2012;O;O;;34129;43.56729;3.89647;18/10/2012 08:30;18/10/2012 12:00;Réhabilitation branchement Plom;;Coupure d'eau;Bulles d'air dans canalisations;; Nous vous invitons à maintenir vos robinets fermés. A la fin des travaux, ouvrez vos robinets doucement. ;Non critique;Coupure d'eau;Bulles d'air dans canalisations;;rue des glycines;Arrêt programmé;Autre
2012;2012;O;O;;34129;43.56729;3.89647;02/10/2012 09:00;02/10/2012 12:00;Raccordement canalisation résea;;Coupure d'eau;Bulles d'air dans canalisations;; Nous vous invitons à maintenir vos robinets fermés. A la fin des travaux, ouvrez vos robinets doucement. ;Non critique;Coupure d'eau;Bulles d'air dans canalisations;;jasse de maurin;Arrêt programmé;Autre
2012;2012;O;O;;34198;43.56276;3.96373;09/10/2012 09:00;09/10/2012 12:00;Raccordement canalisation résea;;Coupure d'eau;Bulles d'air dans canalisations;; Nous vous invitons à maintenir vos robinets fermés. A la fin des travaux, ouvrez vos robinets doucement. ;Non critique;Coupure d'eau;Bulles d'air dans canalisations;;chemin des faises;Arrêt programmé;Autre
2012;2012;O;O;;34198;43.56188;3.95576;10/10/2012 08:30;10/10/2012 12:00;Réhabilitation branchement Plom;;Coupure d'eau;Bulles d'air dans canalisations;; Nous vous invitons à maintenir vos robinets fermés. A la fin des travaux, ouvrez vos robinets doucement. ;Non critique;Coupure d'eau;Bulles d'air dans canalisations;;rue marie martin;Arrêt programmé;Autre
2012;2012;O;O;;34129;43.56729;3.89647;03/10/2012 08:30;03/10/2012 12:00;Réhabilitation branchement Plom;;Coupure d'eau;Bulles d'air dans canalisations;; Nous vous invitons à maintenir vos robinets fermés. A la fin des travaux, ouvrez vos robinets doucement. ;Non critique;Coupure d'eau;Bulles d'air dans canalisations;;rue des lauriers roses;Arrêt programmé;Autre
2012;2012;O;O;;34198;43.56602;3.95636;20/11/2012 08:30;20/11/2012 17:00;Réparation canalisation réseau;Incident sur le réseau;Coupure d'eau;Baisse pression;; Nous vous invitons à maintenir vos robinets fermés. L'ouverture au maximum des robinets n'augmentera pas le débit de l'eau.;Non critique;Coupure d'eau;Baisse pression;;impasse du marais;Intervention programmée;Autre
2012;2012;O;O;;34198;43.56646;3.95511;20/11/2012 08:30;20/11/2012 17:00;Réparation canalisation réseau;Incident sur le réseau;Coupure d'eau;Baisse pression;; Nous vous invitons à maintenir vos robinets fermés. L'ouverture au maximum des robinets n'augmentera pas le débit de l'eau.;Non critique;Coupure d'eau;Baisse pression;;rue de l'étang;Intervention programmée;Autre
2012;2012;O;O;;34198;43.56436;3.95579;20/11/2012 08:30;20/11/2012 17:00;Réparation canalisation réseau;Incident sur le réseau;Coupure d'eau;Baisse pression;; Nous vous invitons à maintenir vos robinets fermés. L'ouverture au maximum des robinets n'augmentera pas le débit de l'eau.;Non critique;Coupure d'eau;Baisse pression;;rue de l'enciero;Intervention programmée;Autre
2012;2012;O;O;;34198;43.5646;3.95214;20/11/2012 08:30;20/11/2012 17:00;Réparation canalisation réseau;Incident sur le réseau;Coupure d'eau;Baisse pression;; Nous vous invitons à maintenir vos robinets fermés. L'ouverture au maximum des robinets n'augmentera pas le débit de l'eau.;Non critique;Coupure d'eau;Baisse pression;;rue du boulou;Intervention programmée;Autre
2012;2012;O;O;;34198;43.56504;3.95534;20/11/2012 08:30;20/11/2012 12:00;Remplacement canalisation résea;Incident sur le réseau;Coupure d'eau;Baisse pression;; Nous vous invitons à maintenir vos robinets fermés. L'ouverture au maximum des robinets n'augmentera pas le débit de l'eau.;Non critique;Coupure d'eau;Baisse pression;;RUE BARNOYER;Arrêt programmé;Réseau et canalisation
2012;2012;O;O;;34129;43.56729;3.89647;19/11/2012 11:00;19/11/2012 12:00;Réparation canalisation réseau;Incident sur le réseau;Coupure d'eau;;; Nous vous invitons à maintenir vos robinets fermés.;Non critique;Coupure d'eau;;;RUE DES COLVERTS;Intervention d'urgence;Autre
2012;2012;O;O;;34198;43.5646;3.95214;20/11/2012 08:30;20/11/2012 12:00;Remplacement canalisation résea;Incident sur le réseau;Coupure d'eau;Baisse pression;; Nous vous invitons à maintenir vos robinets fermés. L'ouverture au maximum des robinets n'augmentera pas le débit de l'eau.;Non critique;Coupure d'eau;Baisse pression;;RUE DE LA GUETTE DIMINUTION DE LA PRESSION ;Arrêt programmé;Réseau et canalisation
2012;2012;O;O;;34198;43.56064;3.9586;22/11/2012 14:10;22/11/2012 17:00;Réparation canalisation réseau;Rupture de canalisation;Coupure d'eau;;; Nous vous invitons à maintenir vos robinets fermés.;Non critique;Coupure d'eau;;;RUE DE LA CAMARGUE;Intervention d'urgence;Réseau et canalisation
2012;2012;O;O;;34129;43.56729;3.89647;08/11/2012 08:30;08/11/2012 12:00;Réparation canalisation réseau;;Coupure d'eau;Bulles d'air dans canalisations;; Nous vous invitons à maintenir vos robinets fermés. A la fin des travaux, ouvrez vos robinets doucement. ;Non critique;Coupure d'eau;Bulles d'air dans canalisations;;rue du languedoc;Arrêt programmé;Autre
2012;2012;O;O;;34129;43.56729;3.89647;08/11/2012 08:30;08/11/2012 12:00;;;Coupure d'eau;Bulles d'air dans canalisations;; Nous vous invitons à maintenir vos robinets fermés. A la fin des travaux, ouvrez vos robinets doucement. ;Non critique;Coupure d'eau;Bulles d'air dans canalisations;;rue des camelias;Arrêt programmé;Autre
2012;2012;O;O;;34129;43.56729;3.89647;29/11/2012 14:20;29/11/2012 16:00;Réparation canalisation réseau;Rupture de canalisation;Coupure d'eau;Baisse pression;; Nous vous invitons à maintenir vos robinets fermés. L'ouverture au maximum des robinets n'augmentera pas le débit de l'eau.;Non critique;Coupure d'eau;Baisse pression;;Impasse de Lagau;Intervention d'urgence;Autre
2012;2012;O;O;;34129;43.56729;3.89647;11/12/2012 08:30;11/12/2012 12:00;Réhabilitation branchement Plom;;Coupure d'eau;Bulles d'air dans canalisations;; Nous vous invitons à maintenir vos robinets fermés. A la fin des travaux, ouvrez vos robinets doucement. ;Non critique;Coupure d'eau;Bulles d'air dans canalisations;;rue des palmiers;Arrêt programmé;Autre
2012;2012;O;O;;34129;43.56729;3.89647;04/12/2012 08:30;04/12/2012 12:00;Réhabilitation branchement Plom;;Coupure d'eau;Bulles d'air dans canalisations;; Nous vous invitons à maintenir vos robinets fermés. A la fin des travaux, ouvrez vos robinets doucement. ;Non critique;Coupure d'eau;Bulles d'air dans canalisations;;rue des acacias;Arrêt programmé;Autre
2012;2012;O;O;;34129;43.56729;3.89647;06/12/2012 08:30;06/12/2012 12:00;Réhabilitation branchement Plom;;Coupure d'eau;Bulles d'air dans canalisations;; Nous vous invitons à maintenir vos robinets fermés. A la fin des travaux, ouvrez vos robinets doucement. ;Non critique;Coupure d'eau;Bulles d'air dans canalisations;;rue des peupliers;Arrêt programmé;Autre
2012;2012;O;O;;34198;43.56762;3.95204;11/12/2012 08:30;11/12/2012 12:00;Réparation canalisation réseau;;Coupure d'eau;Bulles d'air dans canalisations;; Nous vous invitons à maintenir vos robinets fermés. A la fin des travaux, ouvrez vos robinets doucement. ;Non critique;Coupure d'eau;Bulles d'air dans canalisations;;rue des grillons;Arrêt programmé;Autre
2012;2012;O;O;;34198;43.5646;3.95214;04/12/2012 13:30;04/12/2012 17:00;Maintenance du réseau;;Coupure d'eau;Bulles d'air dans canalisations;; Nous vous invitons à maintenir vos robinets fermés. A la fin des travaux, ouvrez vos robinets doucement. ;Non critique;Coupure d'eau;Bulles d'air dans canalisations;;rue charles amant;Intervention d'urgence;Autre
2013;2013;O;O;;34198;43.56276;3.96373;22/01/2013 15:00;22/01/2013 18:00;Réparation canalisation réseau;Rupture de canalisation;Coupure d'eau;Ecoulement d'eau sur la rue;Eau trouble ou colorée; Nous vous invitons à maintenir vos robinets fermés. Soyez vigilant lors de vos déplacements, respectez les consignes de sécurité. Avant toute consommation ou lancement du lave-linge ou du lave-vaisselle, laissez l'eau couler quelques minutes.;Non critique;Coupure d'eau;Ecoulement d'eau sur la rue;Eau trouble ou colorée;CHEMIN DES FAISSES;Arrêt programmé;Autre
2013;2013;O;O;;34129;43.56729;3.89647;15/01/2013 09:00;15/01/2013 10:00;;;Coupure d'eau;;; Nous vous invitons à maintenir vos robinets fermés.;Non critique;Coupure d'eau;;;rue des sophoras;Intervention d'urgence;Autre
2013;2013;O;O;;34198;43.56275;3.95462;07/01/2013 10:00;07/01/2013 13:00;Réparation canalisation réseau;;Coupure d'eau;Bulles d'air dans canalisations;; Nous vous invitons à maintenir vos robinets fermés. A la fin des travaux, ouvrez vos robinets doucement. ;Non critique;Coupure d'eau;Bulles d'air dans canalisations;;rue tiers;Intervention d'urgence;Autre
2013;2013;O;O;;34129;43.56729;3.89647;17/01/2013 09:00;17/01/2013 12:00;Réhabilitation branchement Plom;;Coupure d'eau;Bulles d'air dans canalisations;; Nous vous invitons à maintenir vos robinets fermés. A la fin des travaux, ouvrez vos robinets doucement. ;Non critique;Coupure d'eau;Bulles d'air dans canalisations;;sophoras et cyclaments;Arrêt programmé;Autre
2013;2013;O;O;;34198;43.5646;3.95214;22/02/2013 10:00;22/02/2013 15:00;Raccordement canalisation résea;;Coupure d'eau;Bulles d'air dans canalisations;; Nous vous invitons à maintenir vos robinets fermés. A la fin des travaux, ouvrez vos robinets doucement. ;Non critique;Coupure d'eau;Bulles d'air dans canalisations;;rue barnoyer,l'enciero,citee michel;Arrêt programmé;Autre
2013;2013;O;O;;34129;43.56729;3.89647;07/02/2013 08:30;07/02/2013 11:00;Réhabilitation branchement Plom;;Coupure d'eau;Bulles d'air dans canalisations;; Nous vous invitons à maintenir vos robinets fermés. A la fin des travaux, ouvrez vos robinets doucement. ;Non critique;Coupure d'eau;Bulles d'air dans canalisations;;imp des lilas;Arrêt programmé;Autre
2013;2013;O;O;;34198;43.56504;3.95534;28/02/2013 08:30;28/02/2013 17:00;;;Coupure d'eau;Baisse pression;Perturbation de la circulation; Nous vous invitons à maintenir vos robinets fermés. L'ouverture au maximum des robinets n'augmentera pas le débit de l'eau. Soyez vigilant lors de vos déplacements, respectez les consignes de sécurité.;Non critique;Coupure d'eau;Baisse pression;Perturbation de la circulation;RUE GEORGES BARNOYER;Arrêt programmé;Autre
2013;2013;O;O;;34129;43.56729;3.89647;28/02/2013 10:30;28/02/2013 12:00;;;Coupure d'eau;Baisse pression;; Nous vous invitons à maintenir vos robinets fermés. L'ouverture au maximum des robinets n'augmentera pas le débit de l'eau.;Non critique;Coupure d'eau;Baisse pression;;RUE DES MICOCOULIERS;Arrêt programmé;Autre
2013;2013;O;O;;34129;43.56729;3.89647;28/02/2013 08:30;28/02/2013 12:00;;;Coupure d'eau;Baisse pression;Eau trouble ou colorée; Nous vous invitons à maintenir vos robinets fermés. L'ouverture au maximum des robinets n'augmentera pas le débit de l'eau. Avant toute consommation ou lancement du lave-linge ou du lave-vaisselle, laissez l'eau couler quelques minutes.;Non critique;Coupure d'eau;Baisse pression;Eau trouble ou colorée;RUE DES BOUGAINVILLIERS;Arrêt programmé;Autre
2013;2013;O;O;;34129;43.56729;3.89647;28/02/2013 08:30;28/02/2013 12:00;;;Coupure d'eau;Baisse pression;Eau trouble ou colorée; Nous vous invitons à maintenir vos robinets fermés. L'ouverture au maximum des robinets n'augmentera pas le débit de l'eau. Avant toute consommation ou lancement du lave-linge ou du lave-vaisselle, laissez l'eau couler quelques minutes.;Non critique;Coupure d'eau;Baisse pression;Eau trouble ou colorée;IMPASSE DES BOUGAINVILLIERS;Arrêt programmé;Autre
2013;2013;O;O;;34129;43.56729;3.89647;28/02/2013 08:30;28/02/2013 12:00;;;Coupure d'eau;Baisse pression;Eau trouble ou colorée; Nous vous invitons à maintenir vos robinets fermés. L'ouverture au maximum des robinets n'augmentera pas le débit de l'eau. Avant toute consommation ou lancement du lave-linge ou du lave-vaisselle, laissez l'eau couler quelques minutes.;Non critique;Coupure d'eau;Baisse pression;Eau trouble ou colorée;IMPASSE DES BOUGAINVILLIERS;Arrêt programmé;Autre
2013;2013;O;O;;34129;43.56729;3.89647;28/02/2013 08:30;28/02/2013 12:00;;;Coupure d'eau;Baisse pression;Eau trouble ou colorée; Nous vous invitons à maintenir vos robinets fermés. L'ouverture au maximum des robinets n'augmentera pas le débit de l'eau. Avant toute consommation ou lancement du lave-linge ou du lave-vaisselle, laissez l'eau couler quelques minutes.;Non critique;Coupure d'eau;Baisse pression;Eau trouble ou colorée;RUE DES BOUGAINVILLIERS;Arrêt programmé;Autre
2013;2013;O;O;;34198;43.5646;3.95214;27/02/2013 08:30;27/02/2013 11:00;;;Baisse pression;Coupure d'eau;; L'ouverture au maximum des robinets n'augmentera pas le débit de l'eau. Nous vous invitons à maintenir vos robinets fermés.;Non critique;Baisse pression;Coupure d'eau;;Quartier Port Carème;Intervention d'urgence;Autre
2013;2013;O;O;;34198;43.56862;3.95396;27/02/2013 08:30;27/02/2013 11:00;;;Baisse pression;Coupure d'eau;; L'ouverture au maximum des robinets n'augmentera pas le débit de l'eau. Nous vous invitons à maintenir vos robinets fermés.;Non critique;Baisse pression;Coupure d'eau;;Quartier cabanes de Pérols;Intervention d'urgence;Autre
2013;2013;O;O;;34198;43.57038;3.94855;14/02/2013 10:30;14/02/2013 12:00;Réparation canalisation réseau;;Coupure d'eau;Bulles d'air dans canalisations;; Nous vous invitons à maintenir vos robinets fermés. A la fin des travaux, ouvrez vos robinets doucement. ;Non critique;Coupure d'eau;Bulles d'air dans canalisations;;rue louis pasteur;Intervention d'urgence;Autre
2013;2013;O;O;;34129;43.56729;3.89647;14/02/2013 08:30;14/02/2013 12:00;Réhabilitation branchement Plom;;Coupure d'eau;Bulles d'air dans canalisations;; Nous vous invitons à maintenir vos robinets fermés. A la fin des travaux, ouvrez vos robinets doucement. ;Non critique;Coupure d'eau;Bulles d'air dans canalisations;;RUE DES FRENES,orangers,nefliers et quartier;Arrêt programmé;Autre
2013;2013;O;O;;34129;43.56729;3.89647;18/02/2013 10:00;18/02/2013 14:00;Raccordement canalisation résea;;Coupure d'eau;Bulles d'air dans canalisations;; Nous vous invitons à maintenir vos robinets fermés. A la fin des travaux, ouvrez vos robinets doucement. ;Non critique;Coupure d'eau;Bulles d'air dans canalisations;;D116 ET D 116 D 1;Arrêt programmé;Autre
2013;2013;O;O;;34198;43.55227;3.96848;18/02/2013 09:00;18/02/2013 12:00;;;Coupure d'eau;Bulles d'air dans canalisations;; Nous vous invitons à maintenir vos robinets fermés. A la fin des travaux, ouvrez vos robinets doucement. ;Non critique;Coupure d'eau;Bulles d'air dans canalisations;;rue des tamaris;Intervention d'urgence;Autre
2013;2013;O;O;;34129;43.56729;3.89647;15/02/2013 08:30;15/02/2013 12:00;Réhabilitation branchement Plom;;Coupure d'eau;Bulles d'air dans canalisations;; Nous vous invitons à maintenir vos robinets fermés. A la fin des travaux, ouvrez vos robinets doucement. ;Non critique;Coupure d'eau;Bulles d'air dans canalisations;;impasse des colverts;Arrêt programmé;Autre
2013;2013;O;O;;34129;43.56729;3.89647;25/03/2013 09:00;25/03/2013 12:00;Maintenance du réseau;Incident sur le réseau;Coupure d'eau;;; Nous vous invitons à maintenir vos robinets fermés.;Non critique;Coupure d'eau;;;plan du Dolium;Arrêt programmé;Autre
2013;2013;O;N;;34198;43.56907;3.94281;22/03/2013 08:00;22/03/2013 12:00;Remplacement canalisation résea;Rupture de canalisation;Baisse pression;Coupure d'eau;; L'ouverture au maximum des robinets n'augmentera pas le débit de l'eau. Nous vous invitons à maintenir vos robinets fermés.;Non critique;Baisse pression;Coupure d'eau;;RUE DES NAIADES;Arrêt programmé;Autre
2013;2013;O;O;;34129;43.56729;3.89647;08/03/2013 08:30;08/03/2013 12:00;Réhabilitation branchement Plom;;Coupure d'eau;Bulles d'air dans canalisations;; Nous vous invitons à maintenir vos robinets fermés. A la fin des travaux, ouvrez vos robinets doucement. ;Non critique;Coupure d'eau;Bulles d'air dans canalisations;;rue grenache ,et flamants roses;Arrêt programmé;Autre
2013;2013;O;O;;34129;43.56729;3.89647;07/03/2013 13:30;07/03/2013 17:00;Renouvellement compteurs ;;Coupure d'eau;;; Nous vous invitons à maintenir vos robinets fermés.;Non critique;Coupure d'eau;;;PALLAZIO DEL RIALTO ;Arrêt programmé;Compteur
2013;2013;O;O;;34198;43.56295;3.95387;11/03/2013 08:30;11/03/2013 12:00;Maintenance du réseau;;Coupure d'eau;Bulles d'air dans canalisations;; Nous vous invitons à maintenir vos robinets fermés. A la fin des travaux, ouvrez vos robinets doucement. ;Non critique;Coupure d'eau;Bulles d'air dans canalisations;;grand rue;Arrêt programmé;Autre
2013;2013;O;O;;34129;43.56729;3.89647;06/03/2013 08:30;06/03/2013 12:00;Réhabilitation branchement Plom;;Coupure d'eau;Bulles d'air dans canalisations;; Nous vous invitons à maintenir vos robinets fermés. A la fin des travaux, ouvrez vos robinets doucement. ;Non critique;Coupure d'eau;Bulles d'air dans canalisations;;rue bougainvilliers;Arrêt programmé;Autre
2013;2013;O;N;;34198;43.56267;3.94345;22/03/2013 08:00;22/03/2013 12:00;Remplacement canalisation résea;Rupture de canalisation;Baisse pression;Coupure d'eau;; L'ouverture au maximum des robinets n'augmentera pas le débit de l'eau. Nous vous invitons à maintenir vos robinets fermés.;Non critique;Baisse pression;Coupure d'eau;;RUE DES NEREIDES;Arrêt programmé;Autre
2013;2013;O;O;;34129;43.56729;3.89647;15/03/2013 08:30;15/03/2013 12:00;Réhabilitation branchement Plom;;Coupure d'eau;Bulles d'air dans canalisations;; Nous vous invitons à maintenir vos robinets fermés. A la fin des travaux, ouvrez vos robinets doucement. ;Non critique;Coupure d'eau;Bulles d'air dans canalisations;;grenache;Arrêt programmé;Autre
2013;2013;O;O;;34129;43.56729;3.89647;11/03/2013 08:30;11/03/2013 12:00;Réhabilitation branchement Plom;;Coupure d'eau;Bulles d'air dans canalisations;; Nous vous invitons à maintenir vos robinets fermés. A la fin des travaux, ouvrez vos robinets doucement. ;Non critique;Coupure d'eau;Bulles d'air dans canalisations;;rue bougainvilliers;Arrêt programmé;Autre
2013;2013;O;O;;34129;43.56729;3.89647;13/03/2013 08:30;13/03/2013 12:00;Réhabilitation branchement Plom;;Coupure d'eau;Bulles d'air dans canalisations;; Nous vous invitons à maintenir vos robinets fermés. A la fin des travaux, ouvrez vos robinets doucement. ;Non critique;Coupure d'eau;Bulles d'air dans canalisations;;flamants rose;Arrêt programmé;Autre
2013;2013;O;N;;34198;43.56907;3.94281;26/03/2013 08:00;26/03/2013 12:00;;Rupture de canalisation;Coupure d'eau;Baisse pression;; Nous vous invitons à maintenir vos robinets fermés. L'ouverture au maximum des robinets n'augmentera pas le débit de l'eau.;Non critique;Coupure d'eau;Baisse pression;;RUE DES NAIADES;Arrêt programmé;Autre
2013;2013;O;N;;34198;43.56267;3.94345;26/03/2013 08:00;26/03/2013 12:00;;Rupture de canalisation;Coupure d'eau;Baisse pression;; Nous vous invitons à maintenir vos robinets fermés. L'ouverture au maximum des robinets n'augmentera pas le débit de l'eau.;Non critique;Coupure d'eau;Baisse pression;;RUE DES NEREIDES;Arrêt programmé;Autre
2013;2013;O;O;;34129;43.56729;3.89647;21/03/2013 08:30;21/03/2013 12:00;Réhabilitation branchement Plom;;Coupure d'eau;Bulles d'air dans canalisations;; Nous vous invitons à maintenir vos robinets fermés. A la fin des travaux, ouvrez vos robinets doucement. ;Non critique;Coupure d'eau;Bulles d'air dans canalisations;;mandarinierset imp des colverts;Arrêt programmé;Autre
2013;2013;O;N;;34198;43.56815;3.94658;22/03/2013 08:00;22/03/2013 12:00;Remplacement canalisation résea;Rupture de canalisation;Baisse pression;Coupure d'eau;; L'ouverture au maximum des robinets n'augmentera pas le débit de l'eau. Nous vous invitons à maintenir vos robinets fermés.;Non critique;Baisse pression;Coupure d'eau;;RUE DES LAVANDES;Arrêt programmé;Autre
2013;2013;O;O;;34129;43.56729;3.89647;01/03/2013 08:30;01/03/2013 12:00;;;Baisse pression;Coupure d'eau;; L'ouverture au maximum des robinets n'augmentera pas le débit de l'eau. Nous vous invitons à maintenir vos robinets fermés.;Non critique;Baisse pression;Coupure d'eau;;AVENUE DU GRENACHE;Arrêt programmé;Autre
2013;2013;O;O;;34198;43.5646;3.95214;19/04/2013 11:00;19/04/2013 16:00;;;Coupure d'eau;Bulles d'air dans canalisations;; Nous vous invitons à maintenir vos robinets fermés. A la fin des travaux, ouvrez vos robinets doucement. ;Non critique;Coupure d'eau;Bulles d'air dans canalisations;;zac du soriech;Intervention d'urgence;Autre
2013;2013;O;N;;34198;43.56267;3.94345;20/04/2013 08:00;20/04/2013 12:00;;Rupture de canalisation;Baisse pression;;; L'ouverture au maximum des robinets n'augmentera pas le débit de l'eau.;Non critique;Baisse pression;;;nereides;Intervention d'urgence;Autre
2013;2013;O;N;;34198;43.56267;3.94345;20/04/2013 08:00;20/04/2013 12:00;;Rupture de canalisation;Coupure d'eau;;; Nous vous invitons à maintenir vos robinets fermés.;Non critique;Coupure d'eau;;;RUE DES NEREIDES;Intervention d'urgence;Autre
2013;2013;O;O;;34129;43.56729;3.89647;03/04/2013 08:30;03/04/2013 12:00;Réhabilitation branchement Plom;;Coupure d'eau;Bulles d'air dans canalisations;; Nous vous invitons à maintenir vos robinets fermés. A la fin des travaux, ouvrez vos robinets doucement. ;Non critique;Coupure d'eau;Bulles d'air dans canalisations;;impasse des saules;Arrêt programmé;Autre
2013;2013;O;O;;34129;43.56729;3.89647;06/05/2013 08:00;06/05/2013 12:00;Réhabilitation branchement Plom;;Coupure d'eau;Baisse pression;Perturbation de la circulation; Nous vous invitons à maintenir vos robinets fermés. L'ouverture au maximum des robinets n'augmentera pas le débit de l'eau. Soyez vigilant lors de vos déplacements, respectez les consignes de sécurité.;Non critique;Coupure d'eau;Baisse pression;Perturbation de la circulation;RUE DES ERABLES;Arrêt programmé;Autre
2013;2013;O;O;;34129;43.56729;3.89647;06/05/2013 08:00;06/05/2013 12:00;Réhabilitation branchement Plom;;Coupure d'eau;Baisse pression;Perturbation de la circulation; Nous vous invitons à maintenir vos robinets fermés. L'ouverture au maximum des robinets n'augmentera pas le débit de l'eau. Soyez vigilant lors de vos déplacements, respectez les consignes de sécurité.;Non critique;Coupure d'eau;Baisse pression;Perturbation de la circulation;RUE DES PRUNUS;Arrêt programmé;Autre
2013;2013;O;O;;34129;43.56729;3.89647;03/05/2013 13:30;03/05/2013 17:00;Raccordement canalisation résea;;Coupure d'eau;Baisse pression;Perturbation de la circulation; Nous vous invitons à maintenir vos robinets fermés. L'ouverture au maximum des robinets n'augmentera pas le débit de l'eau. Soyez vigilant lors de vos déplacements, respectez les consignes de sécurité.;Non critique;Coupure d'eau;Baisse pression;Perturbation de la circulation;AVENUE DE MAGUELONE;Arrêt programmé;Autre
2013;2013;O;O;;34129;43.56729;3.89647;16/05/2013 08:30;16/05/2013 12:00;Réhabilitation branchement Plom;;Coupure d'eau;Bulles d'air dans canalisations;; Nous vous invitons à maintenir vos robinets fermés. A la fin des travaux, ouvrez vos robinets doucement. ;Non critique;Coupure d'eau;Bulles d'air dans canalisations;;rue des sorbiers;Arrêt programmé;Autre
2013;2013;O;O;;34129;43.56729;3.89647;06/05/2013 08:00;06/05/2013 12:00;Réhabilitation branchement Plom;;Coupure d'eau;Baisse pression;Perturbation de la circulation; Nous vous invitons à maintenir vos robinets fermés. L'ouverture au maximum des robinets n'augmentera pas le débit de l'eau. Soyez vigilant lors de vos déplacements, respectez les consignes de sécurité.;Non critique;Coupure d'eau;Baisse pression;Perturbation de la circulation;RUE DES MURIERS;Arrêt programmé;Autre
2013;2013;O;O;;34129;43.56729;3.89647;06/05/2013 14:00;06/05/2013 16:00;Maintenance du réseau;;Coupure d'eau;;; Nous vous invitons à maintenir vos robinets fermés.;Non critique;Coupure d'eau;;;ROUTE DE VILLENEUVE;Intervention d'urgence;Autre
2013;2013;O;O;;34129;43.56729;3.89647;06/06/2013 08:30;06/06/2013 12:00;Réhabilitation branchement Plom;;Coupure d'eau;Bulles d'air dans canalisations;; Nous vous invitons à maintenir vos robinets fermés. A la fin des travaux, ouvrez vos robinets doucement. ;Non critique;Coupure d'eau;Bulles d'air dans canalisations;;rue des amandiers et rue prunus;Arrêt programmé;Autre
2013;2013;O;O;;34198;43.56588;3.95275;11/06/2013 10:30;11/06/2013 12:00;;Rupture de canalisation;Coupure d'eau;;; Nous vous invitons à maintenir vos robinets fermés.;Non critique;Coupure d'eau;;;RUE DES FLAMANTS ROSES;Intervention d'urgence;Autre
